id,y_pred
0,300.19525146484375
1,298.7856140136719
2,400.4972229003906
3,395.09271240234375
4,394.61212158203125
5,290.3939514160156
6,413.7130432128906
7,332.1338195800781
8,434.6506042480469
9,364.268798828125
10,325.145751953125
11,379.763916015625
12,321.65679931640625
